{"cameraMode":{"drawMode":0,"name":"Shaded","section":"Shading Mode"},"sceneLighting":false,"audioPlay":false,"sceneViewState":{"m_AlwaysRefresh":false,"showFog":true,"showSkybox":false,"showFlares":true,"showImageEffects":true,"showParticleSystems":true,"showVisualEffectGraphs":true,"m_FxEnabled":true},"in2DMode":false,"pivot":{"x":-0.3643289804458618,"y":2.0282957553863527,"z":44.42197799682617},"rotation":{"x":0.05414040759205818,"y":-0.8743090629577637,"z":0.10036753863096237,"w":0.4713469445705414},"size":0.8660253882408142,"orthographic":false}