{"cameraMode":{"drawMode":0,"name":"Shaded","section":"Shading Mode"},"sceneLighting":false,"audioPlay":false,"sceneViewState":{"m_AlwaysRefresh":false,"showFog":true,"showSkybox":false,"showFlares":true,"showImageEffects":true,"showParticleSystems":true,"showVisualEffectGraphs":true,"m_FxEnabled":true},"in2DMode":false,"pivot":{"x":0.45551159977912905,"y":-1.6530661582946778,"z":7.8412652015686039},"rotation":{"x":0.21597763895988465,"y":0.02959664911031723,"z":-0.00655235955491662,"w":0.9758589863777161},"size":5.600130081176758,"orthographic":false}