{"cameraMode":{"drawMode":0,"name":"Shaded","section":"Shading Mode"},"sceneLighting":false,"audioPlay":false,"sceneViewState":{"m_AlwaysRefresh":false,"showFog":true,"showSkybox":false,"showFlares":true,"showImageEffects":true,"showParticleSystems":true,"showVisualEffectGraphs":true,"m_FxEnabled":true},"in2DMode":false,"pivot":{"x":-1.6366944313049317,"y":1.9371070861816407,"z":52.694366455078128},"rotation":{"x":-0.10185202956199646,"y":-0.06979265809059143,"z":0.0072265793569386009,"w":-0.992104709148407},"size":1.2884795665740967,"orthographic":false}