{"cameraMode":{"drawMode":0,"name":"Shaded","section":"Shading Mode"},"sceneLighting":false,"audioPlay":false,"sceneViewState":{"m_AlwaysRefresh":false,"showFog":true,"showSkybox":false,"showFlares":true,"showImageEffects":true,"showParticleSystems":true,"showVisualEffectGraphs":true,"m_FxEnabled":true},"in2DMode":false,"pivot":{"x":0.6981480717658997,"y":0.721603512763977,"z":-0.971549391746521},"rotation":{"x":-0.29128119349479678,"y":-0.034146204590797427,"z":0.010465818457305432,"w":-0.9558064341545105},"size":0.3373018205165863,"orthographic":false}