{"cameraMode":{"drawMode":0,"name":"Shaded","section":"Shading Mode"},"sceneLighting":false,"audioPlay":false,"sceneViewState":{"m_AlwaysRefresh":false,"showFog":true,"showSkybox":false,"showFlares":true,"showImageEffects":true,"showParticleSystems":true,"showVisualEffectGraphs":true,"m_FxEnabled":true},"in2DMode":false,"pivot":{"x":-1.4425052404403687,"y":1.9522490501403809,"z":52.66227722167969},"rotation":{"x":-0.0721532329916954,"y":-0.046091943979263309,"z":0.003320921678096056,"w":-0.9961071014404297},"size":1.2884795665740967,"orthographic":false}